{
  "hash": "ddd72933",
  "configHash": "4b9fe728",
  "lockfileHash": "fb1c06d6",
  "browserHash": "0256983f",
  "optimized": {
    "@angular/common": {
      "src": "../../../../../../node_modules/@angular/common/fesm2022/common.mjs",
      "file": "@angular_common.js",
      "fileHash": "7fb8d63f",
      "needsInterop": false
    },
    "@angular/common/http": {
      "src": "../../../../../../node_modules/@angular/common/fesm2022/http.mjs",
      "file": "@angular_common_http.js",
      "fileHash": "42facfc6",
      "needsInterop": false
    },
    "@angular/core": {
      "src": "../../../../../../node_modules/@angular/core/fesm2022/core.mjs",
      "file": "@angular_core.js",
      "fileHash": "76736d2f",
      "needsInterop": false
    },
    "@angular/forms": {
      "src": "../../../../../../node_modules/@angular/forms/fesm2022/forms.mjs",
      "file": "@angular_forms.js",
      "fileHash": "df9533df",
      "needsInterop": false
    },
    "@angular/platform-browser": {
      "src": "../../../../../../node_modules/@angular/platform-browser/fesm2022/platform-browser.mjs",
      "file": "@angular_platform-browser.js",
      "fileHash": "e5cf512d",
      "needsInterop": false
    },
    "@angular/router": {
      "src": "../../../../../../node_modules/@angular/router/fesm2022/router.mjs",
      "file": "@angular_router.js",
      "fileHash": "f8ff5982",
      "needsInterop": false
    }
  },
  "chunks": {
    "chunk-IANQN7KO": {
      "file": "chunk-IANQN7KO.js"
    },
    "chunk-KSWCPEAY": {
      "file": "chunk-KSWCPEAY.js"
    },
    "chunk-PF7QABWO": {
      "file": "chunk-PF7QABWO.js"
    },
    "chunk-YNK7CL7V": {
      "file": "chunk-YNK7CL7V.js"
    }
  }
}